teamName,teamLink,league
Royale Union SG,https://www.flashscore.com/team/royale-union-sg/407h8Ird/,Belgium_Jupiler
Antwerp,https://www.flashscore.com/team/antwerp/rVpPxw8H/,Belgium_Jupiler
Club Brugge KV,https://www.flashscore.com/team/club-brugge/rgTHIK74/,Belgium_Jupiler
Charleroi,https://www.flashscore.com/team/charleroi/WIPDJ0hb/,Belgium_Jupiler
Anderlecht,https://www.flashscore.com/team/anderlecht/vslqAKNo/,Belgium_Jupiler
Gent,https://www.flashscore.com/team/gent/MgkzUx7T/,Belgium_Jupiler
KV Mechelen,https://www.flashscore.com/team/kv-mechelen/ULVIb27i/,Belgium_Jupiler
Kortrijk,https://www.flashscore.com/team/kortrijk/2o6njvyG/,Belgium_Jupiler
Genk,https://www.flashscore.com/team/genk/r3jWUIiN/,Belgium_Jupiler
Eupen,https://www.flashscore.com/team/eupen/roazgtic/,Belgium_Jupiler
St. Truiden,https://www.flashscore.com/team/st-truiden/d2EjBxMM/,Belgium_Jupiler
Leuven,https://www.flashscore.com/team/leuven/dYlTycNN/,Belgium_Jupiler
Oostende,https://www.flashscore.com/team/oostende/Aw8l9bTk/,Belgium_Jupiler
St. Liege,https://www.flashscore.com/team/st-liege/vsnvCI6G/,Belgium_Jupiler
Seraing,https://www.flashscore.com/team/rfc-seraing/69jQvOhE/,Belgium_Jupiler
Waregem,https://www.flashscore.com/team/waregem/jPDfAdyT/,Belgium_Jupiler
Cercle Brugge KSV,https://www.flashscore.com/team/cercle-brugge/IXnm9vwh/,Belgium_Jupiler
Beerschot VA,https://www.flashscore.com/team/beerschot-va/EaOtKH1f/,Belgium_Jupiler
Shandong Taishan,https://www.flashscore.com/team/shandong-taishan/27dl0BzH/,China_Super
Guangzhou FC,https://www.flashscore.com/team/guangzhou-fc/O6zWlgyh/,China_Super
Changchun Yatai,https://www.flashscore.com/team/changchun-yatai/jZX9VVzU/,China_Super
Shanghai Port,https://www.flashscore.com/team/shanghai-port/O88o93rn/,China_Super
Shenzhen,https://www.flashscore.com/team/shenzhen-fc/zDSPtNZe/,China_Super
Beijing Guoan,https://www.flashscore.com/team/beijing-guoan/WSLjVBLN/,China_Super
Hebei,https://www.flashscore.com/team/hebei-fc/0Yu0touG/,China_Super
Guangzhou City,https://www.flashscore.com/team/guangzhou-city/tjTLs3Kk/,China_Super
Fulham,https://www.flashscore.com/team/fulham/69ZiU2Om/,UK_Championship
Bournemouth,https://www.flashscore.com/team/bournemouth/OtpNdwrc/,UK_Championship
West Brom,https://www.flashscore.com/team/west-brom/CCBWpzjj/,UK_Championship
Blackburn,https://www.flashscore.com/team/blackburn/6Nl8nagD/,UK_Championship
QPR,https://www.flashscore.com/team/qpr/lrMHUHDc/,UK_Championship
Stoke,https://www.flashscore.com/team/stoke-city/hSUajdSS/,UK_Championship
Coventry,https://www.flashscore.com/team/coventry/GOvB22xg/,UK_Championship
Nottingham,https://www.flashscore.com/team/nottingham/UsushcZr/,UK_Championship
Middlesbrough,https://www.flashscore.com/team/middlesbrough/6F0lvLNC/,UK_Championship
Huddersfield,https://www.flashscore.com/team/huddersfield/xxxpBZl2/,UK_Championship
Millwall,https://www.flashscore.com/team/millwall/6uz2cJBL/,UK_Championship
Luton,https://www.flashscore.com/team/luton/SlybbadF/,UK_Championship
Sheffield Utd,https://www.flashscore.com/team/sheffield-utd/MeKPSerA/,UK_Championship
Birmingham,https://www.flashscore.com/team/birmingham/SWk4muv7/,UK_Championship
Swansea,https://www.flashscore.com/team/swansea/K6xezbY7/,UK_Championship
Blackpool,https://www.flashscore.com/team/blackpool/8EFIJthC/,UK_Championship
Bristol City,https://www.flashscore.com/team/bristol-city/MahqU27I/,UK_Championship
Preston,https://www.flashscore.com/team/preston/x8IDVcbi/,UK_Championship
Hull,https://www.flashscore.com/team/hull-city/S66R0t75/,UK_Championship
Reading,https://www.flashscore.com/team/reading/EmlVDpVP/,UK_Championship
Cardiff,https://www.flashscore.com/team/cardiff/hO8wh6aP/,UK_Championship
Peterborough,https://www.flashscore.com/team/peterborough/tWeI85kh/,UK_Championship
Barnsley,https://www.flashscore.com/team/barnsley/UNGEKMx6/,UK_Championship
Derby,https://www.flashscore.com/team/derby/Iug0YO0Q/,UK_Championship
Manchester City,https://www.flashscore.com/team/manchester-city/Wtn9Stg0/,UK_Premiership
Chelsea,https://www.flashscore.com/team/chelsea/4fGZN2oK/,UK_Premiership
Liverpool,https://www.flashscore.com/team/liverpool/lId4TMwf/,UK_Premiership
West Ham,https://www.flashscore.com/team/west-ham/Cxq57r8g/,UK_Premiership
Arsenal,https://www.flashscore.com/team/arsenal/hA1Zm19f/,UK_Premiership
Tottenham,https://www.flashscore.com/team/tottenham/UDg08Ohm/,UK_Premiership
Manchester Utd,https://www.flashscore.com/team/manchester-united/ppjDR086/,UK_Premiership
Wolves,https://www.flashscore.com/team/wolves/j3Azpf5d/,UK_Premiership
Brentford,https://www.flashscore.com/team/brentford/xYe7DwID/,UK_Premiership
Brighton,https://www.flashscore.com/team/brighton/2XrRecc3/,UK_Premiership
Aston Villa,https://www.flashscore.com/team/aston-villa/W00wmLO0/,UK_Premiership
Leicester,https://www.flashscore.com/team/leicester/KrrdAMyI/,UK_Premiership
Everton,https://www.flashscore.com/team/everton/KluSTr9s/,UK_Premiership
Crystal Palace,https://www.flashscore.com/team/crystal-palace/AovF1Mia/,UK_Premiership
Leeds,https://www.flashscore.com/team/leeds/tUxUbLR2/,UK_Premiership
Southampton,https://www.flashscore.com/team/southampton/WdKOwxDM/,UK_Premiership
Watford,https://www.flashscore.com/team/watford/UmMRoGzp/,UK_Premiership
Burnley,https://www.flashscore.com/team/burnley/z3dmTMMO/,UK_Premiership
Newcastle,https://www.flashscore.com/team/newcastle-utd/p6ahwuwJ/,UK_Premiership
Norwich,https://www.flashscore.com/team/norwich/Qo6off6p/,UK_Premiership
Manchester City,https://www.flashscore.com/team/manchester-city/Wtn9Stg0/,Champions_League
Paris SG,https://www.flashscore.com/team/paris-sg/CjhkPw0k/,Champions_League
RB Leipzig,https://www.flashscore.com/team/rb-leipzig/KbS1suSm/,Champions_League
Club Brugge KV,https://www.flashscore.com/team/club-brugge/rgTHIK74/,Champions_League
Liverpool,https://www.flashscore.com/team/liverpool/lId4TMwf/,Champions_League
Atl. Madrid,https://www.flashscore.com/team/atl-madrid/jaarqpLQ/,Champions_League
FC Porto,https://www.flashscore.com/team/fc-porto/S2NmScGp/,Champions_League
AC Milan,https://www.flashscore.com/team/ac-milan/8Sa8HInO/,Champions_League
Ajax,https://www.flashscore.com/team/ajax/8UOvIwnb/,Champions_League
Sporting,https://www.flashscore.com/team/sporting-lisbon/tljXuHBC/,Champions_League
Dortmund,https://www.flashscore.com/team/dortmund/nP1i5US1/,Champions_League
Besiktas,https://www.flashscore.com/team/besiktas/IDmErJCR/,Champions_League
Real Madrid,https://www.flashscore.com/team/real-madrid/W8mj7MDD/,Champions_League
Inter,https://www.flashscore.com/team/inter/Iw7eKK25/,Champions_League
Sheriff Tiraspol,https://www.flashscore.com/team/sheriff-tiraspol/KfATZRQt/,Champions_League
Shakhtar Donetsk,https://www.flashscore.com/team/shakhtar/4ENWX2OA/,Champions_League
Bayern Munich,https://www.flashscore.com/team/bayern-munich/nVp0wiqd/,Champions_League
Benfica,https://www.flashscore.com/team/benfica/zBkyuyRI/,Champions_League
Barcelona,https://www.flashscore.com/team/barcelona/SKbpVP5K/,Champions_League
Dyn. Kyiv,https://www.flashscore.com/team/dynamo-kyiv/nNpqXMwH/,Champions_League
Manchester Utd,https://www.flashscore.com/team/manchester-united/ppjDR086/,Champions_League
Villarreal,https://www.flashscore.com/team/villarreal/lUatW5jE/,Champions_League
Atalanta,https://www.flashscore.com/team/atalanta/8C9JjMXu/,Champions_League
Young Boys,https://www.flashscore.com/team/young-boys/YXDi6MHo/,Champions_League
Lille,https://www.flashscore.com/team/lille/pfDZL71o/,Champions_League
Salzburg,https://www.flashscore.com/team/salzburg/Olvehxrl/,Champions_League
Sevilla,https://www.flashscore.com/team/sevilla/h8oAv4Ts/,Champions_League
Wolfsburg,https://www.flashscore.com/team/wolfsburg/nwkTahLL/,Champions_League
Juventus,https://www.flashscore.com/team/juventus/C06aJvIB/,Champions_League
Chelsea,https://www.flashscore.com/team/chelsea/4fGZN2oK/,Champions_League
Zenit,https://www.flashscore.com/team/zenit-st-petersburg/vsXou9m7/,Champions_League
Malmo FF,https://www.flashscore.com/team/malmo-ff/tYNTdpar/,Champions_League
Lyon,https://www.flashscore.com/team/lyon/2akflumR/,Europa_Conf
Rangers,https://www.flashscore.com/team/rangers/8vAWQXNS/,Europa_Conf
Sparta Prague,https://www.flashscore.com/team/sparta-prague/6qA358jH/,Europa_Conf
Brondby,https://www.flashscore.com/team/brondby/67R5vKqt/,Europa_Conf
Monaco,https://www.flashscore.com/team/monaco/2PIvr8o4/,Europa_Conf
Real Sociedad,https://www.flashscore.com/team/real-sociedad/jNvak2f3/,Europa_Conf
PSV,https://www.flashscore.com/team/psv/M9UEHJWi/,Europa_Conf
Sturm Graz,https://www.flashscore.com/team/sturm-graz/zsktjfsD/,Europa_Conf
Spartak Moscow,https://www.flashscore.com/team/spartak-moscow/IXVkvT2D/,Europa_Conf
Napoli,https://www.flashscore.com/team/napoli/69Dxbc61/,Europa_Conf
Leicester,https://www.flashscore.com/team/leicester/KrrdAMyI/,Europa_Conf
Legia,https://www.flashscore.com/team/legia/K6kUepBs/,Europa_Conf
Eintracht Frankfurt,https://www.flashscore.com/team/eintracht-frankfurt/8vndvXTk/,Europa_Conf
Olympiacos Piraeus,https://www.flashscore.com/team/olympiacos-piraeus/hnzvnHPS/,Europa_Conf
Fenerbahce,https://www.flashscore.com/team/fenerbahce/MsbmracL/,Europa_Conf
Antwerp,https://www.flashscore.com/team/antwerp/rVpPxw8H/,Europa_Conf
Galatasaray,https://www.flashscore.com/team/galatasaray/riaqqurF/,Europa_Conf
Lazio,https://www.flashscore.com/team/lazio/URcSl02h/,Europa_Conf
Marseille,https://www.flashscore.com/team/marseille/SblU3Hee/,Europa_Conf
Lokomotiv Moscow,https://www.flashscore.com/team/lokomotiv-moscow/Sjs63WfK/,Europa_Conf
Crvena zvezda,https://www.flashscore.com/team/crvena-zvezda/ncRzHK14/,Europa_Conf
Braga,https://www.flashscore.com/team/braga/dpUer7ht/,Europa_Conf
Midtjylland,https://www.flashscore.com/team/midtjylland/8GZDmdbB/,Europa_Conf
Ludogorets,https://www.flashscore.com/team/ludogorets/GrLjfV3M/,Europa_Conf
Bayer Leverkusen,https://www.flashscore.com/team/bayer-leverkusen/4jcj2zMd/,Europa_Conf
Betis,https://www.flashscore.com/team/betis/vJbTeCGP/,Europa_Conf
Celtic,https://www.flashscore.com/team/celtic/QFKRRD8M/,Europa_Conf
Ferencvaros,https://www.flashscore.com/team/ferencvaros/pKS9M7R7/,Europa_Conf
West Ham,https://www.flashscore.com/team/west-ham/Cxq57r8g/,Europa_Conf
D. Zagreb,https://www.flashscore.com/team/din-zagreb/8G5ufQTg/,Europa_Conf
Rapid Vienna,https://www.flashscore.com/team/rapid-vienna/rejcUFSs/,Europa_Conf
Genk,https://www.flashscore.com/team/genk/r3jWUIiN/,Europa_Conf
Italy,https://www.flashscore.com/team/italy/hlKvieGH/,Euro_Nations
Wales,https://www.flashscore.com/team/wales/YcUP0Nqp/,Euro_Nations
Switzerland,https://www.flashscore.com/team/switzerland/rHJ2vy1B/,Euro_Nations
Turkey,https://www.flashscore.com/team/turkey/QeijuHo5/,Euro_Nations
Belgium,https://www.flashscore.com/team/belgium/GbB957na/,Euro_Nations
Denmark,https://www.flashscore.com/team/denmark/0KUdxQVi/,Euro_Nations
Finland,https://www.flashscore.com/team/finland/QuVpPpic/,Euro_Nations
Russia,https://www.flashscore.com/team/russia/hrgrswHh/,Euro_Nations
Netherlands,https://www.flashscore.com/team/netherlands/WYintcWb/,Euro_Nations
Austria,https://www.flashscore.com/team/austria/naHiWdnt/,Euro_Nations
Ukraine,https://www.flashscore.com/team/ukraine/j1JtDMwo/,Euro_Nations
North Macedonia,https://www.flashscore.com/team/north-macedonia/GrTQ3oHB/,Euro_Nations
England,https://www.flashscore.com/team/england/j9N9ZNFA/,Euro_Nations
Croatia,https://www.flashscore.com/team/croatia/K8aznggo/,Euro_Nations
Czech Republic,https://www.flashscore.com/team/czech-republic/6LHwBDGU/,Euro_Nations
Scotland,https://www.flashscore.com/team/scotland/fZRU25WH/,Euro_Nations
Sweden,https://www.flashscore.com/team/sweden/OQyqbHWB/,Euro_Nations
Spain,https://www.flashscore.com/team/spain/bLyo6mco/,Euro_Nations
Slovakia,https://www.flashscore.com/team/slovakia/KpLb2q1U/,Euro_Nations
Poland,https://www.flashscore.com/team/poland/2HzmcynI/,Euro_Nations
France,https://www.flashscore.com/team/france/QkGeVG1n/,Euro_Nations
Germany,https://www.flashscore.com/team/germany/ptQide1O/,Euro_Nations
Portugal,https://www.flashscore.com/team/portugal/WvJrjFVN/,Euro_Nations
Hungary,https://www.flashscore.com/team/hungary/MTVhw6Go/,Euro_Nations
Portugal,https://www.flashscore.com/team/portugal/WvJrjFVN/,Euro_Nations
Czech Republic,https://www.flashscore.com/team/czech-republic/6LHwBDGU/,Euro_Nations
Switzerland,https://www.flashscore.com/team/switzerland/rHJ2vy1B/,Euro_Nations
Ukraine,https://www.flashscore.com/team/ukraine/j1JtDMwo/,Euro_Nations
Finland,https://www.flashscore.com/team/finland/QuVpPpic/,Euro_Nations
Slovakia,https://www.flashscore.com/team/slovakia/KpLb2q1U/,Euro_Nations
Paris SG,https://www.flashscore.com/team/paris-sg/CjhkPw0k/,Ligue_One
Rennes,https://www.flashscore.com/team/rennes/d2nnj1IE/,Ligue_One
Marseille,https://www.flashscore.com/team/marseille/SblU3Hee/,Ligue_One
Nice,https://www.flashscore.com/team/nice/YagoQJpq/,Ligue_One
Lens,https://www.flashscore.com/team/lens/IBmris38/,Ligue_One
Strasbourg,https://www.flashscore.com/team/strasbourg/nP6UzIU1/,Ligue_One
Monaco,https://www.flashscore.com/team/monaco/2PIvr8o4/,Ligue_One
Montpellier,https://www.flashscore.com/team/montpellier/Eyf00syR/,Ligue_One
Angers,https://www.flashscore.com/team/angers/SAlF91iL/,Ligue_One
Brest,https://www.flashscore.com/team/brest/Cr4VGaUl/,Ligue_One
Nantes,https://www.flashscore.com/team/nantes/veuetnGG/,Ligue_One
Lille,https://www.flashscore.com/team/lille/pfDZL71o/,Ligue_One
Lyon,https://www.flashscore.com/team/lyon/2akflumR/,Ligue_One
Reims,https://www.flashscore.com/team/reims/tItR6sEf/,Ligue_One
Troyes,https://www.flashscore.com/team/troyes/fsfAHubD/,Ligue_One
Lorient,https://www.flashscore.com/team/lorient/jgNAYRGi/,Ligue_One
Bordeaux,https://www.flashscore.com/team/bordeaux/SKc9FeQ7/,Ligue_One
Clermont,https://www.flashscore.com/team/clermont/IRuMRua1/,Ligue_One
Metz,https://www.flashscore.com/team/metz/4v0yqlWc/,Ligue_One
St Etienne,https://www.flashscore.com/team/st-etienne/YL2QybFe/,Ligue_One
Bayern Munich,https://www.flashscore.com/team/bayern-munich/nVp0wiqd/,German_Bundesliga
Dortmund,https://www.flashscore.com/team/dortmund/nP1i5US1/,German_Bundesliga
Bayer Leverkusen,https://www.flashscore.com/team/bayer-leverkusen/4jcj2zMd/,German_Bundesliga
Hoffenheim,https://www.flashscore.com/team/hoffenheim/hQAtP9Sl/,German_Bundesliga
Freiburg,https://www.flashscore.com/team/freiburg/fiEQZ7C7/,German_Bundesliga
Union Berlin,https://www.flashscore.com/team/union-berlin/pzHW4oaE/,German_Bundesliga
RB Leipzig,https://www.flashscore.com/team/rb-leipzig/KbS1suSm/,German_Bundesliga
Mainz,https://www.flashscore.com/team/mainz/EuakNmc1/,German_Bundesliga
Wolfsburg,https://www.flashscore.com/team/wolfsburg/nwkTahLL/,German_Bundesliga
Bochum,https://www.flashscore.com/team/bochum/8Y2m6ADe/,German_Bundesliga
FC Koln,https://www.flashscore.com/team/1-fc-koln/WG9pOTse/,German_Bundesliga
Eintracht Frankfurt,https://www.flashscore.com/team/eintracht-frankfurt/8vndvXTk/,German_Bundesliga
B. Monchengladbach,https://www.flashscore.com/team/b-monchengladbach/88HSzjDr/,German_Bundesliga
Hertha Berlin,https://www.flashscore.com/team/hertha-berlin/2y0u8Wrq/,German_Bundesliga
Augsburg,https://www.flashscore.com/team/augsburg/fTVNku3I/,German_Bundesliga
Stuttgart,https://www.flashscore.com/team/vfb-stuttgart/nJQmYp1B/,German_Bundesliga
Arminia Bielefeld,https://www.flashscore.com/team/arminia-bielefeld/pp38UXK8/,German_Bundesliga
Greuther Furth,https://www.flashscore.com/team/greuther-furth/CCQGbik8/,German_Bundesliga
St. Pauli,https://www.flashscore.com/team/st-pauli/ILyJuN3g/,German_Bundesliga_Two
Darmstadt,https://www.flashscore.com/team/darmstadt/S0hPB9rA/,German_Bundesliga_Two
Schalke,https://www.flashscore.com/team/schalke/0Ija0Ej9/,German_Bundesliga_Two
Regensburg,https://www.flashscore.com/team/regensburg/UiCmEP56/,German_Bundesliga_Two
Paderborn,https://www.flashscore.com/team/paderborn/G2Op923t/,German_Bundesliga_Two
Nurnberg,https://www.flashscore.com/team/nurnberg/6FDqshzF/,German_Bundesliga_Two
Heidenheim,https://www.flashscore.com/team/heidenheim/KWixEVWi/,German_Bundesliga_Two
Hamburger SV,https://www.flashscore.com/team/hamburger/v9k3aY5F/,German_Bundesliga_Two
Werder Bremen,https://www.flashscore.com/team/werder-bremen/Ig1f1fy3/,German_Bundesliga_Two
Karlsruher SC,https://www.flashscore.com/team/karlsruher/EB3q7jbk/,German_Bundesliga_Two
Hannover,https://www.flashscore.com/team/hannover/dfNCCCzS/,German_Bundesliga_Two
Dusseldorf,https://www.flashscore.com/team/dusseldorf/ne1oL3y7/,German_Bundesliga_Two
SG Dynamo Dresden,https://www.flashscore.com/team/dresden/zL1YsOi1/,German_Bundesliga_Two
Hansa Rostock,https://www.flashscore.com/team/hansa-rostock/KIHmtCkL/,German_Bundesliga_Two
Holstein Kiel,https://www.flashscore.com/team/holstein-kiel/63WsD2ei/,German_Bundesliga_Two
Aue,https://www.flashscore.com/team/aue/vsXIDreP/,German_Bundesliga_Two
Sandhausen,https://www.flashscore.com/team/sandhausen/UZxEj1R4/,German_Bundesliga_Two
Ingolstadt,https://www.flashscore.com/team/ingolstadt/ne5QkLtB/,German_Bundesliga_Two
Olympiacos Piraeus,https://www.flashscore.com/team/olympiacos-piraeus/hnzvnHPS/,Greece_Super
AEK Athens FC,https://www.flashscore.com/team/aek/ANpZncAM/,Greece_Super
Panathinaikos,https://www.flashscore.com/team/panathinaikos/SENMmweG/,Greece_Super
Giannina,https://www.flashscore.com/team/giannina/rN9JmpKO/,Greece_Super
PAOK,https://www.flashscore.com/team/paok/Kry6HxA9/,Greece_Super
OFI Crete,https://www.flashscore.com/team/ofi-crete/bTObIPJB/,Greece_Super
Aris,https://www.flashscore.com/team/aris/SvR5syYq/,Greece_Super
Volos,https://www.flashscore.com/team/volos/nDZbFBqG/,Greece_Super
Asteras Tripolis,https://www.flashscore.com/team/asteras-tripolis/KMRQ5buc/,Greece_Super
Ionikos,https://www.flashscore.com/team/ionikos/pxiGlQ4I/,Greece_Super
Panetolikos,https://www.flashscore.com/team/panetolikos/2e7mzLut/,Greece_Super
Lamia,https://www.flashscore.com/team/lamia/hGScTrsI/,Greece_Super
Atromitos,https://www.flashscore.com/team/atromitos/GAUEFGvM/,Greece_Super
Smyrnis,https://www.flashscore.com/team/smyrnis/SEpGLyg5/,Greece_Super
AC Milan,https://www.flashscore.com/team/ac-milan/8Sa8HInO/,Italy_Seria_A
Inter,https://www.flashscore.com/team/inter/Iw7eKK25/,Italy_Seria_A
Napoli,https://www.flashscore.com/team/napoli/69Dxbc61/,Italy_Seria_A
Atalanta,https://www.flashscore.com/team/atalanta/8C9JjMXu/,Italy_Seria_A
Fiorentina,https://www.flashscore.com/team/fiorentina/Q3A3IbXH/,Italy_Seria_A
Juventus,https://www.flashscore.com/team/juventus/C06aJvIB/,Italy_Seria_A
AS Roma,https://www.flashscore.com/team/as-roma/zVqqL0ma/,Italy_Seria_A
Lazio,https://www.flashscore.com/team/lazio/URcSl02h/,Italy_Seria_A
Bologna,https://www.flashscore.com/team/bologna/0M9xNN8N/,Italy_Seria_A
Verona,https://www.flashscore.com/team/verona/rJVAIaHo/,Italy_Seria_A
Empoli,https://www.flashscore.com/team/empoli/0ESCnI1H/,Italy_Seria_A
Sassuolo,https://www.flashscore.com/team/sassuolo/QDdvI0zl/,Italy_Seria_A
Torino,https://www.flashscore.com/team/torino/MZFZnvX4/,Italy_Seria_A
Sampdoria,https://www.flashscore.com/team/sampdoria/nJbCGx2U/,Italy_Seria_A
Udinese,https://www.flashscore.com/team/udinese/rXw8YKDE/,Italy_Seria_A
Venezia,https://www.flashscore.com/team/venezia/MkPmVv50/,Italy_Seria_A
Spezia,https://www.flashscore.com/team/spezia/re6VD39b/,Italy_Seria_A
Cagliari,https://www.flashscore.com/team/cagliari/SCGVmKHb/,Italy_Seria_A
Genoa,https://www.flashscore.com/team/genoa/d0PJxeie/,Italy_Seria_A
Salernitana,https://www.flashscore.com/team/salernitana/Mq05g4BP/,Italy_Seria_A
Kawasaki Frontale,https://www.flashscore.com/team/kawasaki-frontale/bF5XL0H9/,Japan_J_One
Yokohama F. Marinos,https://www.flashscore.com/team/yokohama-f-marinos/4h6TMt23/,Japan_J_One
Vissel Kobe,https://www.flashscore.com/team/vissel-kobe/698tGI9q/,Japan_J_One
Kashima Antlers,https://www.flashscore.com/team/kashima-antlers/4nNKlKo9/,Japan_J_One
Nagoya Grampus,https://www.flashscore.com/team/nagoya-grampus/6BeXoaup/,Japan_J_One
Urawa Reds,https://www.flashscore.com/team/urawa-reds/C8IHSxPk/,Japan_J_One
Sagan Tosu,https://www.flashscore.com/team/sagan-tosu/nsRRyAda/,Japan_J_One
Avispa Fukuoka,https://www.flashscore.com/team/avispa-fukuoka/SdMQZTB5/,Japan_J_One
FC Tokyo,https://www.flashscore.com/team/fc-tokyo/8zCQQGg2/,Japan_J_One
Hokkaido Consadole Sapporo,https://www.flashscore.com/team/hokkaido-consadole-sapporo/Ak9yLKWF/,Japan_J_One
Sanfrecce Hiroshima,https://www.flashscore.com/team/sanfrecce-hiroshima/fX7MRdvd/,Japan_J_One
Cerezo Osaka,https://www.flashscore.com/team/cerezo-osaka/rJJl6Vtt/,Japan_J_One
Gamba Osaka,https://www.flashscore.com/team/gamba-osaka/zLQAGOBK/,Japan_J_One
Shimizu S-Pulse,https://www.flashscore.com/team/shimizu-s-pulse/vPgupwAd/,Japan_J_One
Kashiwa Reysol,https://www.flashscore.com/team/kashiwa-reysol/hEbtKvnM/,Japan_J_One
Shonan Bellmare,https://www.flashscore.com/team/shonan-bellmare/SIV5o8tI/,Japan_J_One
Tokushima,https://www.flashscore.com/team/tokushima/IcwgwCCt/,Japan_J_One
Oita Trinita,https://www.flashscore.com/team/oita-trinita/Q17PNMnc/,Japan_J_One
Vegalta Sendai,https://www.flashscore.com/team/vegalta-sendai/lSW1nlRB/,Japan_J_One
Yokohama FC,https://www.flashscore.com/team/yokohama-fc/OlLWoSeO/,Japan_J_One
Ajax,https://www.flashscore.com/team/ajax/8UOvIwnb/,Netherlands_Eredivisie
Feyenoord,https://www.flashscore.com/team/feyenoord/8zjySeoN/,Netherlands_Eredivisie
PSV,https://www.flashscore.com/team/psv/M9UEHJWi/,Netherlands_Eredivisie
Cambuur,https://www.flashscore.com/team/cambuur/QRyYgO7J/,Netherlands_Eredivisie
Utrecht,https://www.flashscore.com/team/utrecht/p6QXMgOj/,Netherlands_Eredivisie
Vitesse,https://www.flashscore.com/team/vitesse/xdFA0eGc/,Netherlands_Eredivisie
Twente,https://www.flashscore.com/team/twente/dhOKTHGA/,Netherlands_Eredivisie
AZ Alkmaar,https://www.flashscore.com/team/az-alkmaar/2RxOow1i/,Netherlands_Eredivisie
Heerenveen,https://www.flashscore.com/team/heerenveen/EDjXSyWG/,Netherlands_Eredivisie
G.A. Eagles,https://www.flashscore.com/team/g-a-eagles/hG8POBb8/,Netherlands_Eredivisie
Nijmegen,https://www.flashscore.com/team/nijmegen/nRluRF0T/,Netherlands_Eredivisie
Groningen,https://www.flashscore.com/team/groningen/MBUGcjb9/,Netherlands_Eredivisie
Willem II,https://www.flashscore.com/team/willem-ii/6u3qag0G/,Netherlands_Eredivisie
Waalwijk,https://www.flashscore.com/team/waalwijk/lvM1vra5/,Netherlands_Eredivisie
Heracles,https://www.flashscore.com/team/heracles/bB3JbZpA/,Netherlands_Eredivisie
Sparta Rotterdam,https://www.flashscore.com/team/sparta-rotterdam/KK4FaFV3/,Netherlands_Eredivisie
Sittard,https://www.flashscore.com/team/sittard/YH8HX5iP/,Netherlands_Eredivisie
Zwolle,https://www.flashscore.com/team/zwolle/r1L5w2EB/,Netherlands_Eredivisie
FC Porto,https://www.flashscore.com/team/fc-porto/S2NmScGp/,Portugal_Liga
Sporting,https://www.flashscore.com/team/sporting-lisbon/tljXuHBC/,Portugal_Liga
Benfica,https://www.flashscore.com/team/benfica/zBkyuyRI/,Portugal_Liga
Braga,https://www.flashscore.com/team/braga/dpUer7ht/,Portugal_Liga
Estoril,https://www.flashscore.com/team/estoril/htoKuYZl/,Portugal_Liga
Gil Vicente,https://www.flashscore.com/team/gil-vicente/CS0fFFd8/,Portugal_Liga
Portimonense,https://www.flashscore.com/team/portimonense/6ecm9Xlr/,Portugal_Liga
Vitoria Guimaraes,https://www.flashscore.com/team/vitoria-guimaraes/pQYVZyD2/,Portugal_Liga
Maritimo,https://www.flashscore.com/team/maritimo/noguvetP/,Portugal_Liga
Arouca,https://www.flashscore.com/team/arouca/fJqfm7CG/,Portugal_Liga
Tondela,https://www.flashscore.com/team/tondela/nFFgCnVo/,Portugal_Liga
Boavista,https://www.flashscore.com/team/boavista/n5XEAYKe/,Portugal_Liga
Ferreira,https://www.flashscore.com/team/ferreira/hxT1f5xa/,Portugal_Liga
Famalicao,https://www.flashscore.com/team/famalicao/ABBgitC3/,Portugal_Liga
Vizela,https://www.flashscore.com/team/vizela/baN9J93D/,Portugal_Liga
Santa Clara,https://www.flashscore.com/team/santa-clara/YmQyLBJf/,Portugal_Liga
Moreirense,https://www.flashscore.com/team/moreirense/8d9NGt9H/,Portugal_Liga
Belenenses,https://www.flashscore.com/team/belenenses/fyrUnmpP/,Portugal_Liga
Rangers,https://www.flashscore.com/team/rangers/8vAWQXNS/,Scot_Premier
Celtic,https://www.flashscore.com/team/celtic/QFKRRD8M/,Scot_Premier
Hearts,https://www.flashscore.com/team/hearts/0rGrwwNc/,Scot_Premier
Motherwell,https://www.flashscore.com/team/motherwell/YuW7ZfMM/,Scot_Premier
Dundee Utd,https://www.flashscore.com/team/dundee-utd/8QEB2FFp/,Scot_Premier
Aberdeen,https://www.flashscore.com/team/aberdeen/AmdbMiWq/,Scot_Premier
Hibernian,https://www.flashscore.com/team/hibernian/f5Fnxcx4/,Scot_Premier
Livingston,https://www.flashscore.com/team/livingston/MoYV5dic/,Scot_Premier
St. Mirren,https://www.flashscore.com/team/st-mirren/tAVXZEyT/,Scot_Premier
Dundee FC,https://www.flashscore.com/team/dundee-fc/hjIyrgaj/,Scot_Premier
St Johnstone,https://www.flashscore.com/team/st-johnstone/ULK83EjM/,Scot_Premier
Ross County,https://www.flashscore.com/team/ross-county/vouS5j6r/,Scot_Premier
Jeonbuk,https://www.flashscore.com/team/jeonbuk/x0hNfcgA/,Sou_Korea_K_League
Ulsan Hyundai,https://www.flashscore.com/team/ulsan-hyundai/EVEwgyOM/,Sou_Korea_K_League
Daegu,https://www.flashscore.com/team/daegu/SrMQkOnI/,Sou_Korea_K_League
Suwon City,https://www.flashscore.com/team/suwon-city/6sXCYRPI/,Sou_Korea_K_League
Jeju Utd,https://www.flashscore.com/team/jeju-utd/vFZJewv4/,Sou_Korea_K_League
Suwon Bluewings,https://www.flashscore.com/team/suwon-bluewings/v5I5PanH/,Sou_Korea_K_League
Pohang,https://www.flashscore.com/team/pohang/KIIIipI5/,Sou_Korea_K_League
Incheon,https://www.flashscore.com/team/incheon/prJ1QuXA/,Sou_Korea_K_League
Seoul,https://www.flashscore.com/team/seoul/8tzeYeHp/,Sou_Korea_K_League
Gangwon,https://www.flashscore.com/team/gangwon/A144gewT/,Sou_Korea_K_League
Seongnam,https://www.flashscore.com/team/seongnam/WMiRgH8G/,Sou_Korea_K_League
Gwangju FC,https://www.flashscore.com/team/gwangju-fc/8SWdrMTR/,Sou_Korea_K_League
Real Madrid,https://www.flashscore.com/team/real-madrid/W8mj7MDD/,Spain_La_Liga
Sevilla,https://www.flashscore.com/team/sevilla/h8oAv4Ts/,Spain_La_Liga
Betis,https://www.flashscore.com/team/betis/vJbTeCGP/,Spain_La_Liga
Atl. Madrid,https://www.flashscore.com/team/atl-madrid/jaarqpLQ/,Spain_La_Liga
Real Sociedad,https://www.flashscore.com/team/real-sociedad/jNvak2f3/,Spain_La_Liga
Rayo Vallecano,https://www.flashscore.com/team/rayo-vallecano/8bcjFy6O/,Spain_La_Liga
Barcelona,https://www.flashscore.com/team/barcelona/SKbpVP5K/,Spain_La_Liga
Espanyol,https://www.flashscore.com/team/espanyol/QFfPdh1J/,Spain_La_Liga
Valencia,https://www.flashscore.com/team/valencia/CQeaytrD/,Spain_La_Liga
Ath Bilbao,https://www.flashscore.com/team/ath-bilbao/IP5zl0cJ/,Spain_La_Liga
Osasuna,https://www.flashscore.com/team/osasuna/ETdxjU8a/,Spain_La_Liga
Mallorca,https://www.flashscore.com/team/mallorca/4jDQxrbf/,Spain_La_Liga
Celta Vigo,https://www.flashscore.com/team/celta-vigo/8pvUZFhf/,Spain_La_Liga
Villarreal,https://www.flashscore.com/team/villarreal/lUatW5jE/,Spain_La_Liga
Granada CF,https://www.flashscore.com/team/granada-cf/EXuxl1xP/,Spain_La_Liga
Elche,https://www.flashscore.com/team/elche/4jl02tPF/,Spain_La_Liga
Getafe,https://www.flashscore.com/team/getafe/dboeiWOt/,Spain_La_Liga
Alaves,https://www.flashscore.com/team/alaves/hxt57t2q/,Spain_La_Liga
Cadiz CF,https://www.flashscore.com/team/cadiz/hdWjLJUJ/,Spain_La_Liga
Levante,https://www.flashscore.com/team/levante/G8FL0ShI/,Spain_La_Liga
Trabzonspor,https://www.flashscore.com/team/trabzonspor/MmsYDc03/,Turkey_Super
Konyaspor,https://www.flashscore.com/team/konyaspor/YazuCbCE/,Turkey_Super
Hatayspor,https://www.flashscore.com/team/hatayspor/ENFkH8NH/,Turkey_Super
Basaksehir,https://www.flashscore.com/team/basaksehir/YqP5NmC1/,Turkey_Super
Fenerbahce,https://www.flashscore.com/team/fenerbahce/MsbmracL/,Turkey_Super
Alanyaspor,https://www.flashscore.com/team/alanyaspor/IcN8oPcJ/,Turkey_Super
Galatasaray,https://www.flashscore.com/team/galatasaray/riaqqurF/,Turkey_Super
Karagumruk,https://www.flashscore.com/team/f-karagumruk/Cv7CWW8n/,Turkey_Super
Besiktas,https://www.flashscore.com/team/besiktas/IDmErJCR/,Turkey_Super
Adana Demirspor,https://www.flashscore.com/team/adanademirspor/8AShqI0G/,Turkey_Super
Sivasspor,https://www.flashscore.com/team/sivasspor/OvblvwLr/,Turkey_Super
Giresunspor,https://www.flashscore.com/team/giresunspor/GE8LJgNk/,Turkey_Super
Kayserispor,https://www.flashscore.com/team/kayserispor/8pwUEwoc/,Turkey_Super
Antalyaspor,https://www.flashscore.com/team/antalyaspor/GAtxDHF9/,Turkey_Super
Altay,https://www.flashscore.com/team/altay/xrtxGY3D/,Turkey_Super
Gaziantep,https://www.flashscore.com/team/gaziantep/ITkIKZ7q/,Turkey_Super
Goztepe,https://www.flashscore.com/team/goztepe/0MJlDkrA/,Turkey_Super
Yeni Malatyaspor,https://www.flashscore.com/team/yeni-malatyaspor/086C2Y6B/,Turkey_Super
Rizespor,https://www.flashscore.com/team/rizespor/EFRnJdkr/,Turkey_Super
Kasimpasa,https://www.flashscore.com/team/kasimpasa/dOlaIG4l/,Turkey_Super
